url_path,views_total,views_unique
/SwissTPH/openmalaria,59,29
/SwissTPH/openmalaria/wiki,46,34
/SwissTPH/openmalaria/blob/main/model/PopulationAgeStructure.h,26,3
/SwissTPH/openmalaria/wiki/ModelInterventions,24,10
/SwissTPH/openmalaria/wiki/ModelWithinHost,22,5
/SwissTPH/openmalaria/wiki/ScenarioHealthSystem,19,8
/SwissTPH/openmalaria/wiki/References,18,6
/SwissTPH/openmalaria/wiki/ScenarioTransmission,18,4
/SwissTPH/openmalaria/tree/main/model,16,6
/SwissTPH/openmalaria/blob/main/model/main.cpp,16,1
